﻿<?xml version="1.0" encoding="UTF-8" standalone="yes"?>
<addon id="repository.mpalmero012018" name="LReylist, official Repo" version="1.0.0" provider-name="LRey">
	<extension point="xbmc.addon.repository" name="LReylist official Repo">
		<info compressed="false">https://raw.githubusercontent.com/LReylist/repository.mpalmero012018/master/addons.xml</info>
		<checksum>https://raw.githubusercontent.com/LReylist/repository.mpalmero012018/master/addons.xml.md5</checksum>
		<datadir zip="true">https://raw.githubusercontent.com/LReylist/repository.mpalmero012018/master</datadir>
	</extension>
	<extension point="xbmc.addon.metadata">
		<summary>LReylist, official Repo</summary>
   		<description lang="en">No se autoriza la distribucion de este respositorio.Finaliza 01-01-2018</description>
		<disclaimer></disclaimer>
		<platform>all</platform>
	</extension>
</addon>
