<?xml version="1.0" encoding="utf-8" standalone="yes"?>
<channel>
	<id>canalporno</id>
	<name>Canalporno</name>

	<active>true</active>
	<adult>true</adult>
	<language>es</language>

	<fanart></fanart>
	<thumbnail>http://i.imgur.com/gAbPcvT.png?1</thumbnail>
	<bannermenu></bannermenu>

	<update_url>https://raw.githubusercontent.com/tvalacarta/pelisalacarta/master/python/main-classic/channels/</update_url>
	<version>1</version>
	<date>09/01/2017</date>
	<changes>Primera version</changes>

	<include_in_global_search>disabled</include_in_global_search>

	<categories>
		<category>adult</category>
	</categories>
</channel>