<?xml version="1.0" encoding="UTF-8" standalone="yes"?>
<addon id="plugin.video.arenavisionezy"	name="ArenaVision EZY" version="5.3.8" provider-name="Wazzu">
	<requires>
		<import addon="xbmc.python" version="2.1.0"/>
		<import addon="program.plexus" />
	</requires>
	<extension point="xbmc.python.pluginsource" library="addon.py">
		<provides>video</provides>
	</extension>
	<extension point="xbmc.addon.metadata">
		<summary>ArenaVision EZY</summary>
		<description>Interfaz para ArenaVision</description>
		<platform>all</platform>
		<license/>
		<forum/>
		<website/>
		<email>egrueda@gmail.com</email>
		<source/>
	</extension>
	<extension point="xbmc.addon.repository" name="ArenaVision EZY">
		<info compressed="false">https://avezy.tk/repo/addons.xml</info>
		<checksum>https://avezy.tk/repo/addons.xml.md5</checksum>
		<datadir zip="true">https://avezy.tk/repo/zip/</datadir>
	</extension>
</addon>
